outlet,month,rent_before_rm,rent_after_rm,chicken_before_rm,chicken_after_rm,note
Bistro,2026-05,0.00,0.00,29540.38,29540.38,
Bistro,2026-06,0.00,0.00,39633.13,39633.13,
Bistro,2026-07,0.00,0.00,52901.88,52901.88,
Bistro,2026-08,0.00,0.00,44645.14,44645.14,
Bistro,2026-09,295.00,295.00,38817.90,38817.90,
Bistro,2026-10,0.00,0.00,4213.29,4213.29,
Damansara,2026-05,0.00,0.00,9811.95,9811.95,
Damansara,2026-06,0.00,0.00,5242.52,5242.52,
Damansara,2026-09,0.00,0.00,1156.36,1156.36,
Damansara,2026-10,0.00,0.00,0.00,487.02,new bill uploaded between snapshots; not part of the correction
HJ SHARFUDDIN SEK 6,2026-05,0.00,0.00,11503.67,11503.67,
HJ SHARFUDDIN SEK 6,2026-06,0.00,0.00,210.00,210.00,
Hj Sharfuddin Klang Bayumas,2026-06,0.00,0.00,0.00,0.00,
Jakel,2026-05,0.00,0.00,15540.02,15540.02,
Jakel,2026-06,0.00,0.00,16499.02,16499.02,
Jakel,2026-07,0.00,0.00,18209.56,18209.56,
Jakel,2026-08,0.00,0.00,17852.52,17852.52,
Jakel,2026-09,0.00,0.00,18636.76,18636.76,
Jakel,2026-10,0.00,0.00,1688.56,1688.56,
Kl Sg Besi,2026-10,368.00,0.00,0.00,368.00,AYAM BERLIAN invoices moved from rent to chicken
(no outlet),2026-05,0.00,0.00,1558.00,1558.00,
SEK 15,2026-05,0.00,0.00,11665.47,11665.47,
SEK 15,2026-06,0.00,0.00,9555.60,9555.60,
SEK 15,2026-07,0.00,0.00,6089.56,6089.56,
SEK 15,2026-08,0.00,0.00,10564.09,10564.09,
SEK 15,2026-09,0.00,0.00,11798.66,11798.66,
SEK 15,2026-10,0.00,0.00,1249.86,1249.86,
SEK 20,2026-05,0.00,0.00,21115.70,21115.70,
SEK 20,2026-06,0.00,0.00,18077.12,18077.12,
SEK 20,2026-07,0.00,0.00,33000.31,33000.31,
SEK 20,2026-08,0.00,0.00,27420.28,27420.28,
SEK 20,2026-09,0.00,0.00,17034.37,17034.37,
SEK 20,2026-10,0.00,0.00,2544.98,2544.98,
Signature,2026-05,0.00,0.00,13060.06,13060.06,
Signature,2026-06,1.00,1.00,15255.81,15255.81,
Signature,2026-07,100.00,100.00,16265.95,16265.95,
Signature,2026-08,100.00,100.00,17198.08,17198.08,
Signature,2026-09,390.00,390.00,17922.36,17922.36,
Signature,2026-10,0.00,0.00,92.00,92.00,
Vista,2026-05,3195.95,0.00,5933.97,9129.92,AYAM BERLIAN invoices moved from rent to chicken
Vista,2026-06,17792.58,0.00,0.00,18333.88,AYAM BERLIAN invoices moved from rent to chicken
Vista,2026-07,22576.69,0.00,0.00,22576.69,AYAM BERLIAN invoices moved from rent to chicken
Vista,2026-08,13474.56,0.00,396.00,13870.56,AYAM BERLIAN invoices moved from rent to chicken
Vista,2026-09,18871.82,195.00,0.00,18676.82,AYAM BERLIAN invoices moved from rent to chicken
Vista,2026-10,1530.38,0.00,0.00,1530.38,AYAM BERLIAN invoices moved from rent to chicken
